{
    "subjectId": "5f154886bafb2b154c8bcce5",
    "username": "anno1",
    "completed": true,
    "sentIndex": 2,
    "data": [
        {
            "wordRTs": [
                818,
                755,
                550,
                933,
                530
            ],
            "wordTags": [
                "ADJ",
                "ADP",
                "DET",
                "ADV",
                "CCONJ"
            ],
            "sentRT": 8325,
            "sentId": "5"
        },
        {
            "wordRTs": [
                785,
                689,
                865,
                770,
                596
            ],
            "wordTags": [
                "ADJ",
                "ADP",
                "ADV",
                "AUX",
                "CCONJ"
            ],
            "sentRT": 8047,
            "sentId": "69"
        },
        {
            "wordRTs": [
                604,
                778,
                880
            ],
            "wordTags": [
                "ADJ",
                "DET",
                "ADV"
            ],
            "sentRT": 5537,
            "sentId": "4"
        }
    ],
    "normalizedData": {
        "deviationMinMax": [
            [
                0.34110787172011675,
                0,
                0.8917117867555185,
                0.9637650978758854,
                1
            ],
            [
                0.16243231986672227,
                0.13910870470637202,
                0.5955851728446483,
                0.08121615993336113,
                0.642648896293211
            ],
            [
                0.5993336109954184,
                0.12453144523115374,
                0.6768013327780095
            ]
        ],
        "minMax": [
            [
                0.7146401985111662,
                0.5583126550868487,
                0.04962779156327544,
                1,
                0
            ],
            [
                0.6327543424317618,
                0.3945409429280397,
                0.8312655086848635,
                0.5955334987593052,
                0.16377171215880892
            ],
            [
                0.18362282878411912,
                0.6153846153846154,
                0.8684863523573201
            ]
        ],
        "tagMinMax": [
            [
                1,
                1,
                0,
                1,
                0
            ],
            [
                0.8457943925233645,
                0,
                0,
                NaN,
                1
            ],
            [
                0,
                1,
                0.22058823529411764
            ]
        ]
    }
}