{
    "subjectId": "5f1547f7bafb2b154c8bcce3",
    "username": "anno",
    "completed": true,
    "sentIndex": 2,
    "data": [
        {
            "wordRTs": [
                1663,
                640,
                663,
                753,
                741
            ],
            "wordTags": [
                "ADJ",
                "ADP",
                "ADV",
                "AUX",
                "CCONJ"
            ],
            "sentRT": 11344,
            "sentId": "5"
        },
        {
            "wordRTs": [
                1198,
                701,
                1188,
                862,
                1079
            ],
            "wordTags": [
                "CCONJ",
                "ADP",
                "INTJ",
                "AUX",
                "PUNCT"
            ],
            "sentRT": 10338,
            "sentId": "69"
        },
        {
            "wordRTs": [
                880,
                867,
                721
            ],
            "wordTags": [
                "ADJ",
                "DET",
                "ADV"
            ],
            "sentRT": 5388,
            "sentId": "4"
        }
    ],
    "normalizedData": {
        "deviationMinMax": [
            [
                1,
                0.3410954411282388,
                0.30840712802011594,
                0.18049633759702638,
                0.1975511096534383
            ],
            [
                0.3391275828140373,
                0.25440034984147814,
                0.32491527276702736,
                0.02558215808461791,
                0.1700010932546189
            ],
            [
                0,
                0.018476003061112935,
                0.22597572974745822
            ]
        ],
        "minMax": [
            [
                1,
                0,
                0.022482893450635387,
                0.1104594330400782,
                0.09872922776148582
            ],
            [
                0.5454545454545454,
                0.059628543499511244,
                0.5356793743890518,
                0.21700879765395895,
                0.4291300097751711
            ],
            [
                0.23460410557184752,
                0.22189638318670576,
                0.07917888563049853
            ]
        ],
        "tagMinMax": [
            [
                1,
                0,
                0,
                0,
                0
            ],
            [
                1,
                1,
                NaN,
                1,
                NaN
            ],
            [
                0,
                NaN,
                1
            ]
        ]
    }
}