{
    "subjectId": "5f154886bafb2b154c8bcce5",
    "username": "anno1",
    "completed": true,
    "sentIndex": 2,
    "data": [
        {
            "wordRTs": [
                742,
                796,
                959
            ],
            "wordTags": [
                "ADJ",
                "ADP",
                "AUX"
            ],
            "sentRT": 7780,
            "sentId": "3"
        },
        {
            "wordRTs": [
                733,
                649,
                956,
                939,
                1037,
                795
            ],
            "wordTags": [
                "ADJ",
                "ADP",
                "ADV",
                "CCONJ",
                "AUX",
                "INTJ"
            ],
            "sentRT": 13932,
            "sentId": "64"
        },
        {
            "wordRTs": [
                646,
                940
            ],
            "wordTags": [
                "ADJ",
                "NUM"
            ],
            "sentRT": 4130,
            "sentId": "0"
        }
    ],
    "normalizedData": {
        "deviationMinMax": [
            [
                0.3338954468802698,
                0,
                0.5177065767284992
            ],
            [
                0.3895446880269814,
                0.90893760539629,
                0.49915682967959535,
                0.3940415964024734,
                1,
                0.006183249016301292
            ],
            [
                0.9274873524451938,
                0.4002248454187747
            ]
        ],
        "minMax": [
            [
                0.24552429667519182,
                0.3836317135549872,
                0.8005115089514067
            ],
            [
                0.22250639386189258,
                0.0076726342710997444,
                0.7928388746803069,
                0.7493606138107417,
                1,
                0.38107416879795397
            ],
            [
                0,
                0.7519181585677749
            ]
        ],
        "tagMinMax": [
            [
                1,
                1,
                0
            ],
            [
                0.90625,
                0,
                NaN,
                NaN,
                1,
                NaN
            ],
            [
                0,
                NaN
            ]
        ]
    }
}