{
    "subjectId": "5f1547f7bafb2b154c8bcce3",
    "username": "anno",
    "completed": true,
    "sentIndex": 2,
    "data": [
        {
            "wordRTs": [
                664,
                699,
                867
            ],
            "wordTags": [
                "ADJ",
                "ADP",
                "ADV"
            ],
            "sentRT": 5722,
            "sentId": "3"
        },
        {
            "wordRTs": [
                1051,
                586,
                644,
                1871,
                1000,
                561
            ],
            "wordTags": [
                "ADJ",
                "ADP",
                "ADV",
                "AUX",
                "CCONJ",
                "DET"
            ],
            "sentRT": 12352,
            "sentId": "64"
        },
        {
            "wordRTs": [
                1114,
                679
            ],
            "wordTags": [
                "ADJ",
                "ADP"
            ],
            "sentRT": 4947,
            "sentId": "0"
        }
    ],
    "normalizedData": {
        "deviationMinMax": [
            [
                0.20975014089798988,
                0.1735863235017847,
                0
            ],
            [
                0.15273342100319362,
                0.29034379109524705,
                0.23041517941010708,
                1,
                0.10003757279729471,
                0.3161750892353936
            ],
            [
                0.21782829231636291,
                0.19425136201390195
            ]
        ],
        "minMax": [
            [
                0.07862595419847328,
                0.10534351145038168,
                0.233587786259542
            ],
            [
                0.37404580152671757,
                0.019083969465648856,
                0.0633587786259542,
                1,
                0.3351145038167939,
                0
            ],
            [
                0.4221374045801527,
                0.0900763358778626
            ]
        ],
        "tagMinMax": [
            [
                0,
                1,
                1
            ],
            [
                0.86,
                0,
                0,
                NaN,
                NaN,
                NaN
            ],
            [
                1,
                0.8230088495575221
            ]
        ]
    }
}