{
    "subjectId": "5f1547f7bafb2b154c8bcce3",
    "username": "anno",
    "completed": true,
    "sentIndex": 2,
    "data": [
        {
            "wordRTs": [
                895,
                772,
                1679
            ],
            "wordTags": [
                "ADJ",
                "ADP",
                "ADV"
            ],
            "sentRT": 7128,
            "sentId": "1"
        },
        {
            "wordRTs": [
                710,
                811,
                1463
            ],
            "wordTags": [
                "ADJ",
                "ADV",
                "ADV"
            ],
            "sentRT": 6618,
            "sentId": "2"
        },
        {
            "wordRTs": [
                656,
                1094,
                1052,
                1647,
                691
            ],
            "wordTags": [
                "ADJ",
                "ADV",
                "ADV",
                "ADV",
                "CCONJ"
            ],
            "sentRT": 14946,
            "sentId": "54"
        }
    ],
    "normalizedData": {
        "deviationMinMax": [
            [
                0.2208206466579673,
                0.4169928954617951,
                1
            ],
            [
                0.5158764680295781,
                0.354791938523996,
                0.6555023923444976
            ],
            [
                0.6020008699434537,
                0.06698564593301436,
                0,
                0.94896331738437,
                0.5461794983326085
            ]
        ],
        "minMax": [
            [
                0.23362658846529813,
                0.11339198435972629,
                1
            ],
            [
                0.05278592375366569,
                0.15151515151515152,
                0.7888563049853372
            ],
            [
                0,
                0.4281524926686217,
                0.3870967741935484,
                0.9687194525904204,
                0.03421309872922776
            ]
        ],
        "tagMinMax": [
            [
                1,
                NaN,
                1
            ],
            [
                0.22594142259414227,
                0,
                0.7511520737327189
            ],
            [
                0,
                0.326036866359447,
                0.27764976958525345,
                0.9631336405529954,
                NaN
            ]
        ]
    }
}