{
    "subjectId": "5f154886bafb2b154c8bcce5",
    "username": "anno1",
    "completed": true,
    "sentIndex": 2,
    "data": [
        {
            "wordRTs": [
                769,
                681,
                710
            ],
            "wordTags": [
                "ADJ",
                "ADP",
                "ADV"
            ],
            "sentRT": 5813,
            "sentId": "1"
        },
        {
            "wordRTs": [
                563,
                610,
                609
            ],
            "wordTags": [
                "ADJ",
                "ADP",
                "ADV"
            ],
            "sentRT": 4555,
            "sentId": "2"
        },
        {
            "wordRTs": [
                543,
                649,
                826,
                557,
                745
            ],
            "wordTags": [
                "ADJ",
                "ADP",
                "ADV",
                "AUX",
                "CCONJ"
            ],
            "sentRT": 8381,
            "sentId": "54"
        }
    ],
    "normalizedData": {
        "deviationMinMax": [
            [
                0.631393298059965,
                0.062316284538507384,
                0.2498530276308059
            ],
            [
                0.5561434450323336,
                0.2522045855379187,
                0.25867136978248073
            ],
            [
                0.685479129923574,
                0,
                1,
                0.5949441504997056,
                0.47619047619047655
            ]
        ],
        "minMax": [
            [
                0.7985865724381626,
                0.4876325088339223,
                0.5901060070671378
            ],
            [
                0.0706713780918728,
                0.23674911660777384,
                0.2332155477031802
            ],
            [
                0,
                0.3745583038869258,
                1,
                0.04946996466431095,
                0.7137809187279152
            ]
        ],
        "tagMinMax": [
            [
                1,
                1,
                0.46543778801843316
            ],
            [
                0.08849557522123894,
                0,
                0
            ],
            [
                0,
                0.5492957746478874,
                1,
                NaN,
                NaN
            ]
        ]
    }
}